"Metaphor","SubMetaphor","Title","Year","Author","Where.pub","Is.journal","DOI","Citations.doi","Citations.count"
"African Buffalo",NA,"Solving the Traveling Salesman's Problem Using the African Buffalo Optimization",2016,"Julius Beneoluchi Odili; Mohd Nizam Mohmad Kahar","Computational Intelligence and Neuroscience",TRUE,"10.1155/2016/1510256",10.1155/2016/1510256,  28
"Algae",NA,"Artificial algae algorithm ({AAA}) for nonlinear global optimization",2015,"Sait Ali Uymaz; Gulay Tezel; Esra Yel","Applied Soft Computing",TRUE,"10.1016/j.asoc.2015.03.003",10.1016/j.asoc.2015.03.003,  99
"Amoeba",NA,"A Bio-Inspired Method for the Constrained Shortest Path Problem",2014,"Hongping Wang; Xi Lu; Xiaoge Zhang; Qing Wang; Yong Deng","The Scientific World Journal",TRUE,"10.1155/2014/271280",10.1155/2014/271280,   9
"Amoeba","Plasmodium","Remarkable problem-solving ability of unicellular amoeboid organism and its mechanism",2018,"Liping Zhu; Song-Ju Kim; Masahiko Hara; Masashi Aono","Royal Society Open Science",TRUE,"10.1098/rsos.180396",10.1098/rsos.180396,  10
"Anarchic Society",NA,"Anarchic Society Optimization Based {PID} Control of an Automatic Voltage Regulator ({AVR}) System",2012,"H. Shayeghi; J. Dadashpour","Electrical and Electronic Engineering",TRUE,"10.5923/j.eee.20120204.05",10.5923/j.eee.20120204.05,  37
"Andean Condors",NA,"Andean Condor Algorithm for cell formation problems",2018,"Boris Almonacid; Ricardo Soto","Natural Computing",TRUE,"10.1007/s11047-018-9675-0",10.1007/s11047-018-9675-0,   6
"Anglerfish",NA,"The Anglerfish algorithm: a derivation of randomized incremental construction technique for solving the traveling salesman problem",2018,"Mei F. Pook; Effirul I. Ramlan","Evolutionary Intelligence",TRUE,"10.1007/s12065-018-0169-x",10.1007/s12065-018-0169-x,   3
"Animal Behavior","Hunting","Mathematical models and a hunting search algorithm for the no-wait flowshop scheduling with parallel machines",2014,"B. Naderi; Majid Khalili; Alireza Arshadi Khamseh","International Journal of Production Research",TRUE,"10.1080/00207543.2013.871389",10.1080/00207543.2013.871389,   8
"Animal Behavior","Predation","Prey-Predator Algorithm: A New Metaheuristic Algorithm for Optimization Problems",2015,"Surafel Luleseged Tilahun; Hong Choon Ong","International Journal of Information Technology & Decision Making",TRUE,"10.1142/s021962201450031x",10.1142/s021962201450031x,  41
"Animal Behavior","Searching","Group Search Optimizer: An Optimization Algorithm Inspired by Animal Searching Behavior",2009,"S. He; Q.H. Wu; J.R. Saunders","IEEE Transactions on Evolutionary Computation",TRUE,"10.1109/tevc.2009.2011992",10.1109/tevc.2009.2011992, 446
"Ant Colony",NA,"Distributed optimization by ant colonies",1992,"ACMDV Maniezzo","Toward a Practice of Autonomous Systems: Proceedings of the First European Conference on Artificial Life",FALSE,NA,NA,NA
"Ant Lion",NA,"The Ant Lion Optimizer",2015,"Seyedali Mirjalili","Advances in Engineering Software",TRUE,"10.1016/j.advengsoft.2015.01.010",10.1016/j.advengsoft.2015.01.010,1110
"Antibodies",NA,"The clonal selection algorithm with engineering applications",2000,"L Nunes De Castro; Fernando J Von Zuben","Proceedings of GECCO",FALSE,NA,NA,NA
"Artillery",NA,"A new metaheuristic optimization method: the algorithm of the innovative gunner ({AIG})",2019,"Paweł Pijarski; Piotr Kacejko","Engineering Optimization",TRUE,"10.1080/0305215x.2019.1565282",10.1080/0305215x.2019.1565282,  11
"Bachelors",NA,"Old Bachelor Acceptance: A New Class of Non-Monotone Threshold Accepting Methods",1995,"T. C. Hu; Andrew B. Kahng; Chung-Wen Albert Tsao","INFORMS Journal on Computing",TRUE,"10.1287/ijoc.7.4.417",10.1287/ijoc.7.4.417,  46
"Bacteria","Bacterial Chemotaxis","Optimization based on bacterial chemotaxis",2002,"S.D. Muller; J. Marchetto; S. Airaghi; P. Kournoutsakos","IEEE Transactions on Evolutionary Computation",TRUE,"10.1109/4235.985689",10.1109/4235.985689, 209
"Bacteria","Bacterial Foraging","Biomimicry of bacterial foraging for distributed optimization and control",2002,"K.M. Passino","IEEE Control Systems Magazine",TRUE,"10.1109/mcs.2002.1004010",10.1109/mcs.2002.1004010,1805
"Bacteria","Bacterial Swarming","A Fast Bacterial Swarming Algorithm for high-dimensional function optimization",2008,"Ying Chu; Hua Mi; Huilian Liao; Zhen Ji; Q. H. Wu","2008 IEEE Congress on Evolutionary Computation (IEEE World Congress on Computational Intelligence)",FALSE,"10.1109/cec.2008.4631222",10.1109/cec.2008.4631222,   2
"Bacteria","Magnetotactic Bacteria","Magnetotactic bacteria optimization algorithm for multimodal optimization",2013,"Hongwei Mo; Lifang Xu","2013 IEEE Symposium on Swarm Intelligence (SIS)",FALSE,"10.1109/sis.2013.6615185",10.1109/sis.2013.6615185,  15
"Barnacles Mating",NA,"Barnacles Mating Optimizer Algorithm for Optimization",2019,"Mohd Herwan Sulaiman; Zuriani Mustaffa; Mohd Mawardi Saari; Hamdan Daniyal; Ahmad Johari Mohamad; Mohd Rizal Othman; Mohd Rusllim Mohamed","Proceedings of the 10th National Technical Seminar on Underwater System Technology 2018",FALSE,"10.1007/978-981-13-3708-6_18",10.1007/978-981-13-3708-6_18,   0
"Bats",NA,"A new metaheuristic bat-inspired algorithm",2010,"Xin-She Yang","Nature inspired cooperative strategies for optimization (NICSO 2010)",FALSE,NA,NA,NA
"Battle Royale Game",NA,"Battle royale optimization algorithm",2020,"Taymaz Rahkar Farshi","Neural Computing and Applications",TRUE,"10.1007/s00521-020-05004-4",10.1007/s00521-020-05004-4,   6
"Beetles",NA,"Pity beetle algorithm {\textendash} A new metaheuristic inspired by the behavior of bark beetles",2018,"Nikos Ath. Kallioras; Nikos D. Lagaros; Dimitrios N. Avtzis","Advances in Engineering Software",TRUE,"10.1016/j.advengsoft.2018.04.007",10.1016/j.advengsoft.2018.04.007,  31
"Bees","Bee Colonies","Bee Colony Optimization: Principles and Applications",2006,"Dusan Teodorovic; Panta Lucic; Goran Markovic; Mauro Dell\textquotesingle Orco","2006 8th Seminar on Neural Network Applications in Electrical Engineering",FALSE,"10.1109/neurel.2006.341200",10.1109/neurel.2006.341200,  74
"Bees","Bee Colonies 2","Artificial Bee Colony ({ABC}) Optimization Algorithm for Solving Constrained Optimization Problems",2007,"Dervis Karaboga; Bahriye Basturk","Lecture Notes in Computer Science",FALSE,"10.1007/978-3-540-72950-1_77",10.1007/978-3-540-72950-1_77, 441
"Bees","Bumblebees","Bumblebees",2009,"Francesc Comellas; Jesus Martinez-Navarro","Proceedings of the first ACM/SIGEVO Summit on Genetic and Evolutionary Computation - GEC \textquotesingle09",FALSE,"10.1145/1543834.1543949",10.1145/1543834.1543949,  14
"Bees","Honey Bee Marriages","{MBO}: marriage in honey bees optimization-a Haplometrosis polygynous swarming approach",2001,"H.A. Abbass","Proceedings of the 2001 Congress on Evolutionary Computation (IEEE Cat. No.01TH8546)",FALSE,"10.1109/cec.2001.934391",10.1109/cec.2001.934391,  97
"Bees","Queen Bees","Queen-bee evolution for genetic algorithms",2003,"Sung Hoon Jung","Electronics Letters",TRUE,"10.1049/el:20030383",10.1049/el:20030383,  76
"Big Bang",NA,"A new optimization method: Big Bang{\textendash}Big Crunch",2006,"Osman K. Erol; Ibrahim Eksin","Advances in Engineering Software",TRUE,"10.1016/j.advengsoft.2005.04.005",10.1016/j.advengsoft.2005.04.005, 719
"Biogeography",NA,"Biogeography-Based Optimization",2008,"D. Simon","IEEE Transactions on Evolutionary Computation",TRUE,"10.1109/tevc.2008.919004",10.1109/tevc.2008.919004,2058
"Birds","Birds Mating","Bird mating optimizer: An optimization algorithm inspired by bird mating strategies",2014,"Alireza Askarzadeh","Communications in Nonlinear Science and Numerical Simulation",TRUE,"10.1016/j.cnsns.2013.08.027",10.1016/j.cnsns.2013.08.027,  81
"Birds","Bird Migrations","Migrating Birds Optimization: A new metaheuristic approach and its performance on quadratic assignment problem",2012,"Ekrem Duman; Mitat Uysal; Ali Fuat Alkaya","Information Sciences",TRUE,"10.1016/j.ins.2012.06.032",10.1016/j.ins.2012.06.032, 127
"Birds","Micro Migration","A shuffled multi-swarm micro-migrating birds optimizer for a multi-resource-constrained flexible job shop scheduling problem",2016,"Liang Gao; Quan-Ke Pan","Information Sciences",TRUE,"10.1016/j.ins.2016.08.046",10.1016/j.ins.2016.08.046,  39
"Birds","Hitchcock Birds","A novel metaheuristic inspired by Hitchcock birds' behavior for efficient optimization of large search spaces of high dimensionality",2019,"Reinaldo G. Morais; Nadia Nedjah; Luiza M. Mourelle","Soft Computing",TRUE,"10.1007/s00500-019-04102-3",10.1007/s00500-019-04102-3,   3
"Bison",NA,"Proposal of a New Swarm Optimization Method Inspired in Bison Behavior",2018,"Anezka Kazikova; Michal Pluhacek; Roman Senkerik; Adam Viktorin","Recent Advances in Soft Computing",FALSE,"10.1007/978-3-319-97888-8_13",10.1007/978-3-319-97888-8_13,  11
"Black Holes",NA,"Black hole: A new heuristic optimization approach for data clustering",2013,"Abdolreza Hatamlou","Information Sciences",TRUE,"10.1016/j.ins.2012.08.023",10.1016/j.ins.2012.08.023, 504
"Black Widow",NA,"Black Widow Optimization Algorithm: A novel meta-heuristic approach for solving engineering optimization problems",2020,"Vahideh Hayyolalam; Ali Asghar Pourhaji Kazem","Engineering Applications of Artificial Intelligence",TRUE,"10.1016/j.engappai.2019.103249",10.1016/j.engappai.2019.103249,  77
"Blind Naked Mole Rats",NA,"A robust clustering method based on blind,  naked mole-rats ({BNMR}) algorithm",2013,"Mohammad Taherdangkoo; Mohammad Hossein Shirzadi; Mehran Yazdi; Mohammad Hadi Bagheri","Swarm and Evolutionary Computation",TRUE,"10.1016/j.swevo.2013.01.001",10.1016/j.swevo.2013.01.001,  15
"Bonobos",NA,"Multi-objective Bonobo Optimizer ({MOBO}): an intelligent heuristic for multi-criteria optimization",2020,"Amit Kumar Das; Ankit Kumar Nikum; Siva Vignesh Krishnan; Dilip Kumar Pratihar","Knowledge and Information Systems",TRUE,"10.1007/s10115-020-01503-x",10.1007/s10115-020-01503-x,   2
"Brainstorming",NA,"An Optimization Algorithm Based on Brainstorming Process",2011,"Yuhui Shi","International Journal of Swarm Intelligence Research",TRUE,"10.4018/ijsir.2011100103",10.4018/ijsir.2011100103, 147
"BrunsVigia Flower",NA,"A New Optimization Algorithm Based on the Behavior of {BrunsVigia} Flower",2018,"Manizheh Ghaemidizaji; Chitra Dadkhah; Henry Leung","2018 IEEE International Conference on Systems, Man, and Cybernetics (SMC)",FALSE,"10.1109/smc.2018.00055",10.1109/smc.2018.00055,   1
"Buses",NA,"Meta-heuristic bus transportation algorithm",2018,"Mohammad Bodaghi; Koosha Samieefar","Iran Journal of Computer Science",TRUE,"10.1007/s42044-018-0025-2",10.1007/s42044-018-0025-2,   8
"Butterflies","Monarch Butterflies","Monarch butterfly optimization",2015,"Gai-Ge Wang; Suash Deb; Zhihua Cui","Neural Computing and Applications",TRUE,"10.1007/s00521-015-1923-y",10.1007/s00521-015-1923-y, 251
"Butterflies","Regular Butterflies","Butterfly optimization algorithm: a novel approach for global optimization",2018,"Sankalap Arora; Satvir Singh","Soft Computing",TRUE,"10.1007/s00500-018-3102-4",10.1007/s00500-018-3102-4, 232
"Buzzards",NA,"Buzzard Optimization Algorithm: A Nature-Inspired Metaheuristic Algorithm",2019,"Ali Arshaghi; Mohsen Ashourian; Leila Ghabeli","Majlesi Journal of Electrical Engineering",TRUE,NA,NA,NA
"Cancers",NA,"{ITGO}: Invasive tumor growth optimization algorithm",2015,"Deyu Tang; Shoubin Dong; Yi Jiang; Huan Li; Yishuan Huang","Applied Soft Computing",TRUE,"10.1016/j.asoc.2015.07.045",10.1016/j.asoc.2015.07.045,  22
"Cats",NA,"Cat Swarm Optimization",2006,"Shu-Chuan Chu; Pei-wei Tsai; Jeng-Shyang Pan","Lecture Notes in Computer Science",FALSE,"10.1007/978-3-540-36668-3_94",10.1007/978-3-540-36668-3_94, 177
"Camels",NA,"Novel Optimization Algorithm Inspired by Camel Traveling Behavior",2016,"R. S. Ali M. K. Ibrahim","Iraq J. Electrical and Electronic Engineering",TRUE,NA,NA,NA
"Central Force",NA,"{CENTRAL} {FORCE} {OPTIMIZATION}: A {NEW} {METAHEURISTIC} {WITH} {APPLICATIONS} {IN} {APPLIED} {ELECTROMAGNETICS}",2007,"Richard A. Formato","Progress In Electromagnetics Research",TRUE,"10.2528/pier07082403",10.2528/pier07082403, 229
"Chameleons",NA,"Chameleon Swarm Algorithm: A bio-inspired optimizer for solving engineering design problems",2021,"Malik Shehadeh Braik","Expert Systems with Applications",TRUE,"10.1016/j.eswa.2021.114685",10.1016/j.eswa.2021.114685,   0
"Charged Systems",NA,"A novel heuristic optimization method: charged system search",2010,"A. Kaveh; S. Talatahari","Acta Mechanica",TRUE,"10.1007/s00707-009-0270-4",10.1007/s00707-009-0270-4, 661
"Cheetah",NA,"Cheetah Based Optimization Algorithm: A Novel Swarm Intelligence Paradigm",2018,"Carlos Eduardo Klein; Viviana Mariani; Leandro dos Santos Coelho","Proceedings of the European Symposium on Artificial Neural Networks, Computational Intelligence and Machine Learning",FALSE,NA,NA,NA
"Chemical Reactions",NA,"{ACROA}: Artificial Chemical Reaction Optimization Algorithm for global optimization",2011,"Bilal Alatas","Expert Systems with Applications",TRUE,"10.1016/j.eswa.2011.04.126",10.1016/j.eswa.2011.04.126, 159
"Chickens","Chicken Swarms","A New Bio-inspired Algorithm: Chicken Swarm Optimization",2014,"Xianbing Meng; Yu Liu; Xiaozhi Gao; Hengzhen Zhang","Lecture Notes in Computer Science",FALSE,"10.1007/978-3-319-11857-4_10",10.1007/978-3-319-11857-4_10, 164
"Chickens","Chicken Laying Eggs","Laying Chicken Algorithm: A New Meta-Heuristic Approach to Solve Continuous Programming Problems",2017,"Eghbal Hosseini","Journal of Applied & Computational Mathematics",TRUE,"10.4172/2168-9679.1000344",10.4172/2168-9679.1000344,  11
"Clouds",NA,"A {NOVEL} {OPTIMIZATION} {ALGORITHM} {BASED} {ON} {ATMOSPHERE} {CLOUDS} {MODEL}",2013,"GAO-WEI YAN; ZHAN-JU HAO","International Journal of Computational Intelligence and Applications",TRUE,"10.1142/s1469026813500028",10.1142/s1469026813500028,  17
"Cockroaches",NA,"An Improved Cockroach Swarm Optimization",2014,"I. C. Obagbuwa; A. O. Adewumi","The Scientific World Journal",TRUE,"10.1155/2014/375358",10.1155/2014/375358,  10
"Colliding Bodies",NA,"Colliding bodies optimization: A novel meta-heuristic method",2014,"A. Kaveh; V.R. Mahdavi","Computers & Structures",TRUE,"10.1016/j.compstruc.2014.04.005",10.1016/j.compstruc.2014.04.005, 314
"Community of scientists",NA,"Community of scientist optimization: An autonomy oriented approach to distributed optimization",2012,"Milani Alfredo; Santucci Valentino","AI Communications",TRUE,"10.3233/AIC-2012-0526",10.3233/AIC-2012-0526,  11
"Consultants",NA,"Consultant-guided search",2010,"Serban Iordache","Proceedings of the 12th annual conference on Genetic and evolutionary computation - GECCO ",FALSE,"10.1145/1830483.1830526",10.1145/1830483.1830526,  14
"Coral Reefs",NA,"The Coral Reefs Optimization Algorithm: A Novel Metaheuristic for Efficiently Solving Optimization Problems",2014,"S. Salcedo-Sanz; J. Del Ser; I. Landa-Torres; S. Gil-López; J. A. Portilla-Figueras","The Scientific World Journal",TRUE,"10.1155/2014/739768",10.1155/2014/739768,  70
"COVID19",NA,"{COVID}-19 Optimizer Algorithm,  Modeling and Controlling of Coronavirus Distribution Process",2020,"Eghbal Hosseini; Kayhan Zrar Ghafoor; Ali Safaa Sadiq; Mohsen Guizani; Ali Emrouznejad","IEEE Journal of Biomedical and Health Informatics",TRUE,"10.1109/jbhi.2020.3012487",10.1109/jbhi.2020.3012487,   4
"Coyotes",NA,"Coyote Optimization Algorithm: A New Metaheuristic for Global Optimization Problems",2018,"Juliano Pierezan; Leandro Dos Santos Coelho","2018 IEEE Congress on Evolutionary Computation (CEC)",FALSE,NA,NA,NA
"Crystal Energy",NA,"Crystal Energy Optimization Algorithm",2014,"Xiang Feng; Meiyi Ma; Huiqun Yu","Computational Intelligence",TRUE,"10.1111/coin.12053",10.1111/coin.12053,   5
"Crows",NA,"A novel metaheuristic method for solving constrained engineering optimization problems: Crow search algorithm",2016,"Alireza Askarzadeh","Computers & Structures",TRUE,"10.1016/j.compstruc.2016.03.001",10.1016/j.compstruc.2016.03.001, 721
"Crows","Chaotic","Chaotic crow search algorithm for fractional optimization problems",2018,"Rizk M. Rizk-Allah; Aboul Ella Hassanien; Siddhartha Bhattacharyya","Applied Soft Computing",TRUE,"10.1016/j.asoc.2018.03.019",10.1016/j.asoc.2018.03.019,  49
"Cuckoos",NA,"Cuckoo Search via L{\&}{\#}x00E9$\mathsemicolon$vy flights",2009,"Xin-She Yang; Suash Deb","2009 World Congress on Nature & Biologically Inspired Computing (NaBIC)",FALSE,"10.1109/nabic.2009.5393690",10.1109/nabic.2009.5393690,2140
"Deer","Scottish Red Deer","Red Deer Algorithm (RDA); A New Optimization Algorithm Inspired by Red Deers’ Mating",2016,"AM Fathollahi Fard; M Hajiaghaei-Keshteli","International Conference on Industrial Engineering, IEEE.,(2016 e)",FALSE,NA,NA,NA
"Dendritic Cells",NA,"Introducing dendritic cells as a novel immune-inspired algorithm for anomaly detection",2005,"Julie Greensmith; Uwe Aickelin; Steve Cayzer","International Conference on Artificial Immune Systems",FALSE,NA,NA,NA
"Dice Games",NA,"{DGO}: Dice Game Optimizer",2019,"Mohammad DEHGHANI; Zeinab MONTAZERI; Om Parkash MALIK","GAZI UNIVERSITY JOURNAL OF SCIENCE",TRUE,"10.35378/gujs.484643",10.35378/gujs.484643,   9
"Dogs",NA,"A New Engineering Optimization Method: African Wild Dog Algorithm",2013,"C. Subramanian; A.S.S Sekar; K. Subramanian","International Journal of Soft Computing",TRUE,NA,NA,NA
"Dogs","Border Collie","Border Collie Optimization",2020,"Tulika Dutta; Siddhartha Bhattacharyya; Sandip Dey; Jan Platos","IEEE Access",TRUE,"10.1109/access.2020.2999540",10.1109/access.2020.2999540,  11
"Dolphins","Dolphin Partners","A Dolphin Partner Optimization",2009,"Yang Shiqin; Jiang Jianjun; Yan Guangxing","2009 WRI Global Congress on Intelligent Systems",FALSE,"10.1109/gcis.2009.464",10.1109/gcis.2009.464,  46
"Dolphins","Dolphin Echolocation","A new optimization method: Dolphin echolocation",2013,"A. Kaveh; N. Farhoudi","Advances in Engineering Software",TRUE,"10.1016/j.advengsoft.2013.03.004",10.1016/j.advengsoft.2013.03.004, 237
"Donkeys",NA,"{DTO}: Donkey Theorem Optimization",2019,"Mohammad Dehghani; Mohammad Mardaneh; Om Parkash Malik; S. Mansour NouraeiPour","2019 27th Iranian Conference on Electrical Engineering (ICEE)",FALSE,"10.1109/iraniancee.2019.8786601",10.1109/iraniancee.2019.8786601,   1
"Dragonflies",NA,"Dragonfly algorithm: a new meta-heuristic optimization technique for solving single-objective,  discrete,  and multi-objective problems",2015,"Seyedali Mirjalili","Neural Computing and Applications",TRUE,"10.1007/s00521-015-1920-1",10.1007/s00521-015-1920-1, 868
"Duelists",NA,"Duelist Algorithm: An Algorithm Inspired by How Duelist Improve Their Capabilities in a Duel",2016,"Totok Ruki Biyanto; Henokh Yernias Fibrianto; Gunawan Nugroho; Agus Muhamad Hatta; Erny Listijorini; Titik Budiati; Hairul Huda","Advances in Swarm Intelligence",FALSE,NA,NA,NA
"Eagles",NA,"Eagle Strategy Using L{\'{e}}vy Walk and Firefly Algorithms for Stochastic Optimization",2010,"Xin-She Yang; Suash Deb","Nature Inspired Cooperative Strategies for Optimization (NICSO 2010)",FALSE,"10.1007/978-3-642-12538-6_9",10.1007/978-3-642-12538-6_9,  85
"Earthworms",NA,"Earthworm optimization algorithm: a bio-inspired metaheuristic algorithm for global optimization problems",2015,"Gai-Ge Wang; Suash Deb; Leandro Dos Santos Coelho","International Journal of Bio-Inspired Computation",TRUE,NA,NA,NA
"Ecology",NA,"An eco-inspired evolutionary algorithm applied to numerical optimization",2011,"Rafael Stubs Parpinelli; Heitor Silverio Lopes","2011 Third World Congress on Nature and Biologically Inspired Computing",FALSE,"10.1109/nabic.2011.6089631",10.1109/nabic.2011.6089631,  11
"Electromagnetism",NA,"Circle detection using electro-magnetism optimization",2012,"Erik Cuevas; Diego Oliva; Daniel Zaldivar; Marco Pérez-Cisneros; Humberto Sossa","Information Sciences",TRUE,"10.1016/j.ins.2010.12.024",10.1016/j.ins.2010.12.024,  73
"Electrons","Discharge","Electron radar search algorithm: a novel developed meta-heuristic algorithm",2019,"Sajjad Rahmanzadeh; Mir Saman Pishvaee","Soft Computing",TRUE,"10.1007/s00500-019-04410-8",10.1007/s00500-019-04410-8,   0
"Electrons","Flow","Electimize: New Evolutionary Algorithm for Optimization with Application in Construction Engineering",2011,"Ahmed Khalafallah; Mohamed Abdel-Raheem","Journal of Computing in Civil Engineering",TRUE,"10.1061/(asce)cp.1943-5487.0000080",10.1061/(asce)cp.1943-5487.0000080,  10
"Electrons","Radar","Electron radar search algorithm: a novel developed meta-heuristic algorithm",2019,"Sajjad Rahmanzadeh; Mir Saman Pishvaee","Soft Computing",TRUE,"10.1007/s00500-019-04410-8",10.1007/s00500-019-04410-8,   0
"Elephants","Regular Elephants","Elephant Search Algorithm for optimization problems",2015,"Suash Deb; Simon Fong; Zhonghuan Tian","2015 Tenth International Conference on Digital Information Management (ICDIM)",FALSE,"10.1109/icdim.2015.7381893",10.1109/icdim.2015.7381893,  34
"Elephants","Elephant Herds","Elephant Herding Optimization",2015,"Gai-Ge Wang; Suash Deb; Leandro dos S. Coelho","2015 3rd International Symposium on Computational and Business Intelligence (ISCBI)",FALSE,"10.1109/iscbi.2015.8",10.1109/iscbi.2015.8, 160
"Emotions",NA,"Social Emotional Optimization Algorithm for Nonlinear Constrained Optimization Problems",2010,"Yuechun Xu; Zhihua Cui; Jianchao Zeng","Swarm, Evolutionary, and Memetic Computing",FALSE,"10.1007/978-3-642-17563-3_68",10.1007/978-3-642-17563-3_68,  21
"Epidemics",NA,"Artificial infectious disease optimization: A {SEIQR} epidemic dynamic model-based function optimization~algorithm",2016,"Guangqiu Huang","Swarm and Evolutionary Computation",TRUE,"10.1016/j.swevo.2015.09.007",10.1016/j.swevo.2015.09.007,   5
"Experts",NA,"Kaizen programming",2014,"Vin\'\icius Veloso De Melo","Proceedings of the 2014 conference on Genetic and evolutionary computation - GECCO \textquotesingle14",FALSE,"10.1145/2576768.2598264",10.1145/2576768.2598264,  31
"Ecogeography",NA,"Ecogeography-based optimization: Enhancing biogeography-based optimization with ecogeographic barriers and differentiations",2014,"Yu-Jun Zheng; Hai-Feng Ling; Jin-Yun Xue","Computers & Operations Research",TRUE,"10.1016/j.cor.2014.04.013",10.1016/j.cor.2014.04.013,  69
"Falcons",NA,"Design of heat exchangers using Falcon Optimization Algorithm",2019,"Emerson Hochsteiner de Vasconcelos Segundo; Viviana Cocco Mariani; Leandro dos Santos Coelho","Applied Thermal Engineering",TRUE,"10.1016/j.applthermaleng.2019.04.038",10.1016/j.applthermaleng.2019.04.038,  53
"Farmland Fertility",NA,"Farmland fertility: A new metaheuristic algorithm for solving continuous optimization problems",2018,"Human Shayanfar; Farhad Soleimanian Gharehchopogh","Applied Soft Computing",TRUE,"10.1016/j.asoc.2018.07.033",10.1016/j.asoc.2018.07.033,  82
"FIFA World Cup",NA,"A New Meta-Heuristic Optimization Algorithm Inspired by {FIFA} World Cup Competitions: Theory and Its Application in {PID} Designing for {AVR} System",2016,"Navid Razmjooy; Mohsen Khalilpour; Mehdi Ramezani","Journal of Control, Automation and Electrical Systems",TRUE,"10.1007/s40313-016-0242-6",10.1007/s40313-016-0242-6,  93
"Fireflies",NA,"Firefly Algorithms for Multimodal Optimization",2009,"Xin-She Yang","Stochastic Algorithms: Foundations and Applications",FALSE,"10.1007/978-3-642-04944-6_14",10.1007/978-3-642-04944-6_14,1393
"Fireworks",NA,"Fireworks Algorithm for Optimization",2010,"Ying Tan; Yuanchun Zhu","Lecture Notes in Computer Science",FALSE,"10.1007/978-3-642-13495-1_44",10.1007/978-3-642-13495-1_44, 388
"Fish","Catfish","Improved binary particle swarm optimization using catfish effect for feature selection",2011,"Li-Yeh Chuang; Sheng-Wei Tsai; Cheng-Hong Yang","Expert Systems with Applications",TRUE,"10.1016/j.eswa.2011.04.057",10.1016/j.eswa.2011.04.057, 145
"Fish","Cuttlefish","Cuttlefish Algorithm - A Novel Bio-Inspired Optimization Algorithm",2013,"A.S. Eesa; A.M. Abdulazeez; Z. Orman","International Journal of Scientific and Engineering Research",TRUE,NA,NA,NA
"Fish","Fish Schools","A novel search algorithm based on fish school behavior",2008,"Carmelo J. A. Bastos Filho; Fernando B. de Lima Neto; Anthony J. C. C. Lins; Antonio I. S. Nascimento; Marilia P. Lima","2008 IEEE International Conference on Systems, Man and Cybernetics",FALSE,"10.1109/icsmc.2008.4811695",10.1109/icsmc.2008.4811695,  67
"Fish","Fish Swarms","Studies on Artificial Fish Swarm Optimization Algorithm Based on Decomposition and Coordination Techniques",2003,"X.L. Li; J.X. Qian","Journal of Circuits, Systems and Computers",TRUE,NA,NA,NA
"Fish","Mouth Brooding","Tackling global optimization problems with a novel algorithm {\textendash} Mouth Brooding Fish algorithm",2018,"Ehsan Jahani; Mohammad Chizari","Applied Soft Computing",TRUE,"10.1016/j.asoc.2017.09.035",10.1016/j.asoc.2017.09.035,  33
"Flower Pollination",NA,"Flower Pollination Algorithm for Global Optimization",2012,"Xin-She Yang","Unconventional Computation and Natural Computation",FALSE,"10.1007/978-3-642-32894-7_27",10.1007/978-3-642-32894-7_27, 729
"Forests","Tree Survival","Forest Optimization Algorithm",2014,"Manizheh Ghaemi; Mohammad-Reza Feizi-Derakhshi","Expert Systems with Applications",TRUE,"10.1016/j.eswa.2014.05.009",10.1016/j.eswa.2014.05.009,  84
"Forests","Forest Regeneration","Natural Forest Regeneration Algorithm: A New Meta-Heuristic",2016,"H. Moez; A. Kaveh; N. Taghizadieh","Iranian Journal of Science and Technology, Transactions of Civil Engineering",TRUE,"10.1007/s40996-016-0042-z",10.1007/s40996-016-0042-z,   3
"Fox","Red Fox","Red fox optimization algorithm",2021,"Dawid Połap; Marcin Woźniak","Expert Systems with Applications",TRUE,"10.1016/j.eswa.2020.114107",10.1016/j.eswa.2020.114107,  13
"Fractals",NA,"Stochastic Fractal Search: A powerful metaheuristic algorithm",2015,"Hamid Salimi","Knowledge-Based Systems",TRUE,"10.1016/j.knosys.2014.07.025",10.1016/j.knosys.2014.07.025, 227
"Frogs","Leaping","Optimization of Water Distribution Network Design Using the Shuffled Frog Leaping Algorithm",2003,"Muzaffar M. Eusuff; Kevin E. Lansey","Journal of Water Resources Planning and Management",TRUE,"10.1061/(asce)0733-9496(2003)129:3(210)",10.1061/(asce)0733-9496(2003)129:3(210), 812
"Frogs","Japanese Tree Frogs","Distributed graph coloring: an approach based on the calling behavior of Japanese tree frogs",2012,"Hugo Hernández; Christian Blum","Swarm Intelligence",TRUE,"10.1007/s11721-012-0067-2",10.1007/s11721-012-0067-2,  32
"Fruit Fly",NA,"A new Fruit Fly Optimization Algorithm: Taking the financial distress model as an example",2012,"Wen-Tsao Pan","Knowledge-Based Systems",TRUE,"10.1016/j.knosys.2011.07.001",10.1016/j.knosys.2011.07.001, 749
"Galaxies",NA,"Principal components analysis by the galaxy-based search algorithm: a novel metaheuristic for continuous optimisation",2011,"Hamed Shah Hosseini","International Journal of Computational Science and Engineering",TRUE,"10.1504/ijcse.2011.041221",10.1504/ijcse.2011.041221,  50
"Galaxies","Motion","Galactic Swarm Optimization: A new global optimization metaheuristic inspired by galactic motion",2016,"Venkataraman Muthiah-Nakarajan; Mathew Mithra Noel","Applied Soft Computing",TRUE,"10.1016/j.asoc.2015.10.034",10.1016/j.asoc.2015.10.034,  70
"Gas Molecules","Brownian Motion","Gases Brownian Motion Optimization: an Algorithm for Optimization ({GBMO})",2013,"Marjan Abdechiri; Mohammad Reza Meybodi; Helena Bahrami","Applied Soft Computing",TRUE,"10.1016/j.asoc.2012.03.068",10.1016/j.asoc.2012.03.068,  60
"Gas Molecules","Kinetic Energy","{KGMO}: A swarm optimization algorithm based on the kinetic energy of gas molecules",2014,"Sara Moein; Rajasvaran Logeswaran","Information Sciences",TRUE,"10.1016/j.ins.2014.02.026",10.1016/j.ins.2014.02.026,  27
"Genes",NA,"Adaptation in Natural and Artificial Systems, An Introductory Analysis with Applications to Biology, Control, and Artificial Intelligence",1975,"John Holland",NA,FALSE,NA,NA,NA
"Gene Expression",NA,"Gene Expression Programming in Problem Solving",2002,"Cândida Ferreira","Soft Computing and Industry",FALSE,"10.1007/978-1-4471-0123-9_54",10.1007/978-1-4471-0123-9_54, 211
"General Relativity",NA,"General Relativity Search Algorithm: A Global Optimization Approach",2015,"Hamzeh Beiranvand; Esmaeel Rokrok","International Journal of Computational Intelligence and Applications",TRUE,"10.1142/s1469026815500170",10.1142/s1469026815500170,  10
"Glow Worms",NA,"Glowworm swarm optimization for simultaneous capture of multiple local optima of multimodal functions",2008,"K. N. Krishnanand; D. Ghose","Swarm Intelligence",TRUE,"10.1007/s11721-008-0021-5",10.1007/s11721-008-0021-5, 235
"Grasshoppers",NA,"Grasshopper Optimisation Algorithm: Theory and application",2017,"Shahrzad Saremi; Seyedali Mirjalili; Andrew Lewis","Advances in Engineering Software",TRUE,"10.1016/j.advengsoft.2017.01.004",10.1016/j.advengsoft.2017.01.004, 799
"Gravitation",NA,"{GSA}: A Gravitational Search Algorithm",2009,"Esmat Rashedi; Hossein Nezamabadi-pour; Saeid Saryazdi","Information Sciences",TRUE,"10.1016/j.ins.2009.03.004",10.1016/j.ins.2009.03.004,3221
"Gravitation","Interactions","Gravitational Interactions Optimization",2011,"Juan J. Flores; Rodrigo López; Julio Barrera","Lecture Notes in Computer Science",FALSE,"10.1007/978-3-642-25566-3_17",10.1007/978-3-642-25566-3_17,   8
"Great Deluge",NA,"New Optimization Heuristics: The Great Deluge and Record to Record Travel",1993,"Gunter Dueck","Journal of Computational Physics",TRUE,"10.1006/jcph.1993.1010",10.1006/jcph.1993.1010, 445
"Grenades",NA,"Grenade Explosion Method{\textemdash}A novel tool for optimization of multimodal functions",2010,"Ali Ahrari; Ali A. Atai","Applied Soft Computing",TRUE,"10.1016/j.asoc.2009.11.032",10.1016/j.asoc.2009.11.032,  88
"Group Counselling",NA,"Group Counseling Optimization: A Novel Approach",2009,"M. A. Eita; M. M. Fahmy","Research and Development in Intelligent Systems XXVI",FALSE,"10.1007/978-1-84882-983-1_14",10.1007/978-1-84882-983-1_14,   7
"Group Decision-Making",NA,"Collective decision optimization algorithm: A new heuristic optimization method",2017,"Qingyang Zhang; Ronggui Wang; Juan Yang; Kai Ding; Yongfu Li; Jiangen Hu","Neurocomputing",TRUE,"10.1016/j.neucom.2016.09.068",10.1016/j.neucom.2016.09.068,  27
"Hawks","Harris's Hawk","Harris's Hawk Multi-Objective Optimizer for Reference Point Problems",2016,"A Sandra DeBruyne; B Devinder Kaur","Proceedings on the International Conference on Artificial Intelligence (ICAI)",FALSE,NA,NA,NA
"Heart",NA,"Heart: a novel optimization algorithm for cluster analysis",2014,"Abdolreza Hatamlou","Progress in Artificial Intelligence",TRUE,"10.1007/s13748-014-0046-5",10.1007/s13748-014-0046-5,  20
"Herds","Selfish","A global optimization algorithm inspired in the behavior of selfish herds",2017,"Fernando Fausto; Erik Cuevas; Arturo Valdivia; Adrián González","Biosystems",TRUE,"10.1016/j.biosystems.2017.07.010",10.1016/j.biosystems.2017.07.010,  72
"Hoopoe",NA,"New Hoopoe Heuristic Optimization",2012,"Mohammed El-Dosuky; Ahmed El-Bassiouny; Taher Hamza; Magdy Rashad","International Journal of Science and Advanced Technology",TRUE,NA,NA,NA
"Hormones",NA,"A hormone regulation{\textendash}based approach for distributed and on-line scheduling of machines and automated guided vehicles",2016,"Kun Zheng; Dunbing Tang; Adriana Giret; Miguel A Salido; Zelei Sang","Proceedings of the Institution of Mechanical Engineers, Part B: Journal of Engineering Manufacture",TRUE,"10.1177/0954405416662078",10.1177/0954405416662078,   7
"Horses",NA,"Horse Optimization Algorithm: A Novel Bio-Inspired Algorithm for Solving Global Optimization Problems",2020,"Dorin Moldovan","Advances in Intelligent Systems and Computing",FALSE,"10.1007/978-3-030-51971-1_16",10.1007/978-3-030-51971-1_16,   0
"Humans","Life Choices","A novel life choice-based optimizer",2019,"Abhishek Khatri; Akash Gaba; K. P. S. Rana; Vineet Kumar","Soft Computing",TRUE,"10.1007/s00500-019-04443-z",10.1007/s00500-019-04443-z,   6
"Humans","Hunting","Deer Hunting Optimization Algorithm: A New Nature-Inspired Meta-heuristic Paradigm",2019,"G Brammya; S Praveena; N S Ninu Preetha; R Ramya; B R Rajakumar; D Binu","The Computer Journal",TRUE,"10.1093/comjnl/bxy133",10.1093/comjnl/bxy133,  37
"Humans","Search and Rescue","A New Optimization Algorithm Based on Search and Rescue Operations",2019,"Amir Shabani; Behrouz Asgarian; Saeed Asil Gharebaghi; Miguel A. Salido; Adriana Giret","Mathematical Problems in Engineering",TRUE,"10.1155/2019/2482543",10.1155/2019/2482543,  19
"Humans","Students","Student psychology based optimization algorithm: A new population based optimization algorithm for solving optimization problems",2020,"Bikash Das; V. Mukherjee; Debapriya Das","Advances in Engineering Software",TRUE,"10.1016/j.advengsoft.2020.102804",10.1016/j.advengsoft.2020.102804,  16
"Hyenas",NA,"Spotted hyena optimizer: A novel bio-inspired based metaheuristic technique for engineering applications",2017,"Gaurav Dhiman; Vijay Kumar","Advances in Engineering Software",TRUE,"10.1016/j.advengsoft.2017.05.014",10.1016/j.advengsoft.2017.05.014, 261
"Invasive Weeds",NA,"A novel numerical optimization algorithm inspired from weed colonization",2006,"A.R. Mehrabian; C. Lucas","Ecological Informatics",TRUE,"10.1016/j.ecoinf.2006.07.003",10.1016/j.ecoinf.2006.07.003, 757
"Interior Design",NA,"Interior search algorithm ({ISA}): A novel approach for global optimization",2014,"Amir H. Gandomi","ISA Transactions",TRUE,"10.1016/j.isatra.2014.03.018",10.1016/j.isatra.2014.03.018, 226
"Ions",NA,"Ions motion algorithm for solving optimization problems",2015,"Behzad Javidy; Abdolreza Hatamlou; Seyedali Mirjalili","Applied Soft Computing",TRUE,"10.1016/j.asoc.2015.03.035",10.1016/j.asoc.2015.03.035,  96
"Jaguars",NA,"A Novel Metaheuristic: Jaguar Algorithm with Learning Behavior",2015,"Chin-Chi Chen; Yung-Che Tsai; I-I Liu; Chia-Chun Lai; Yi-Ting Yeh; Shu-Yu Kuo; Yao-Hsin Chou","2015 IEEE International Conference on Systems, Man, and Cybernetics",FALSE,"10.1109/smc.2015.282",10.1109/smc.2015.282,   7
"Keshtel Duck",NA,"Solving the integrated scheduling of production and rail transportation problem by Keshtel algorithm",2014,"M. Hajiaghaei-Keshteli; M. Aminnayeri","Applied Soft Computing",TRUE,"10.1016/j.asoc.2014.09.034",10.1016/j.asoc.2014.09.034,  41
"Kestrels",NA,"Kestrel-Based Search Algorithm for Association Rule Mining and Classification of Frequently Changed Items",2016,"Israel Edem Agbehadji; Richard Millham; Simon Fong","2016 8th International Conference on Computational Intelligence and Communication Networks (CICN)",FALSE,"10.1109/cicn.2016.76",10.1109/cicn.2016.76,   2
"Kidneys",NA,"Kidney-inspired algorithm for optimization problems",2017,"Najmeh Sadat Jaddi; Jafar Alvankarian; Salwani Abdullah","Communications in Nonlinear Science and Numerical Simulation",TRUE,"10.1016/j.cnsns.2016.06.006",10.1016/j.cnsns.2016.06.006,  52
"Krill",NA,"Krill herd: A new bio-inspired optimization algorithm",2012,"Amir Hossein Gandomi; Amir Hossein Alavi","Communications in Nonlinear Science and Numerical Simulation",TRUE,"10.1016/j.cnsns.2012.05.010",10.1016/j.cnsns.2012.05.010, 975
"Ladybirds",NA,"Seven-Spot Ladybird Optimization: A Novel and Efficient Metaheuristic Algorithm for Numerical Optimization",2013,"Peng Wang; Zhouquan Zhu; Shuai Huang","The Scientific World Journal",TRUE,"10.1155/2013/378515",10.1155/2013/378515,   8
"Lightning",NA,"Lightning search algorithm",2015,"Hussain Shareef; Ahmad Asrul Ibrahim; Ammar Hussein Mutlag","Applied Soft Computing",TRUE,"10.1016/j.asoc.2015.07.028",10.1016/j.asoc.2015.07.028, 172
"Lions",NA,"Lion pride optimizer: An optimization algorithm inspired by lion pride behavior",2012,"Bo Wang; XiaoPing Jin; Bo Cheng","Science China Information Sciences",TRUE,"10.1007/s11432-012-4548-0",10.1007/s11432-012-4548-0,  41
"Locusts",NA,"An Analysis of Locust Swarms on Large Scale Global Optimization Problems",2009,"Stephen Chen","Artificial Life: Borrowing from Biology",FALSE,"10.1007/978-3-642-10427-5_21",10.1007/978-3-642-10427-5_21,   4
"Mayflies",NA,"A mayfly optimization algorithm",2020,"Konstantinos Zervoudakis; Stelios Tsafarakis","Computers & Industrial Engineering",TRUE,"10.1016/j.cie.2020.106559",10.1016/j.cie.2020.106559,  35
"Markets",NA,"Exchange market algorithm",2014,"Naser Ghorbani; Ebrahim Babaei","Applied Soft Computing",TRUE,"10.1016/j.asoc.2014.02.006",10.1016/j.asoc.2014.02.006, 108
"Marine Predators",NA,"Marine Predators Algorithm: A nature-inspired metaheuristic",2020,"Afshin Faramarzi; Mohammad Heidarinejad; Seyedali Mirjalili; Amir H. Gandomi","Expert Systems with Applications",TRUE,"10.1016/j.eswa.2020.113377",10.1016/j.eswa.2020.113377, 149
"Meerkats",NA,"Meerkats-inspired Algorithm for Global Optimization Problems",2018,"Carlos Eduardo Klein; Leandro dos Santos Coelho","Proceedings of the European Symposium on Artificial Neural Networks, Computational Intelligence and Machine Learning",FALSE,NA,NA,NA
"Mice","Wild Mice","A New Algorithm: Wild Mice Colony Algorithm (WMC)",2019,"S Nejatian; R Omidvar; H Parvin; V Rezaei; M Yasrebi","TABRIZ JOURNAL OF ELECTRICAL ENGINEERING",TRUE,NA,NA,NA
"Mine Explosions",NA,"Mine blast algorithm for optimization of truss structures with discrete variables",2012,"Ali Sadollah; Ardeshir Bahreininejad; Hadi Eskandar; Mohd Hamdi","Computers & Structures",TRUE,"10.1016/j.compstruc.2012.03.013",10.1016/j.compstruc.2012.03.013, 111
"Molecular Dynamics",NA,"Atom search optimization and its application to solve a hydrogeologic parameter estimation problem",2019,"Weiguo Zhao; Liying Wang; Zhenxing Zhang","Knowledge-Based Systems",TRUE,"10.1016/j.knosys.2018.08.030",10.1016/j.knosys.2018.08.030, 109
"Monkeys","Monkey Foraging","Monkey search: a novel metaheuristic search for global optimization",2007,"Antonio Mucherino; Onur Seref; Onur Seref; O. Erhun Kundakcioglu; Panos Pardalos","AIP Conference Proceedings",FALSE,"10.1063/1.2817338",10.1063/1.2817338, 112
"Monkeys","Spider Monkeys","Spider Monkey Optimization algorithm for numerical optimization",2014,"Jagdish Chand Bansal; Harish Sharma; Shimpi Singh Jadon; Maurice Clerc","Memetic Computing",TRUE,"10.1007/s12293-013-0128-0",10.1007/s12293-013-0128-0, 238
"Mountain Climbers",NA,"Human-Inspired Algorithms for continuous function optimization",2009,"Luna Mingyi Zhang; Cheyenne Dahlmann; Yanqing Zhang","2009 IEEE International Conference on Intelligent Computing and Intelligent Systems",FALSE,"10.1109/icicisys.2009.5357838",10.1109/icicisys.2009.5357838,  19
"Moths",NA,"Moth-flame optimization algorithm: A novel nature-inspired heuristic paradigm",2015,"Seyedali Mirjalili","Knowledge-Based Systems",TRUE,"10.1016/j.knosys.2015.07.006",10.1016/j.knosys.2015.07.006,1252
"Multiverse",NA,"Multi-Verse Optimizer: a nature-inspired algorithm for global optimization",2015,"Seyedali Mirjalili; Seyed Mohammad Mirjalili; Abdolreza Hatamlou","Neural Computing and Applications",TRUE,"10.1007/s00521-015-1870-7",10.1007/s00521-015-1870-7, 679
"Musicians",NA,"A New Heuristic Optimization Algorithm: Harmony Search",2001,"Zong Woo Geem; Joong Hoon Kim; G.V. Loganathan","SIMULATION",TRUE,"10.1177/003754970107600201",10.1177/003754970107600201,3363
"Mushroom Reproduction",NA,"Mushroom Reproduction Optimization (MRO): A Novel Nature-Inspired Evolutionary Algorithm",2018,"Mahdi Bidar; Hamidreza Rashidy Kanan; Malek Mouhoub; Samira Sadaoui","2018 IEEE Congress on Evolutionary Computation",FALSE,NA,NA,NA
"Mosquitos","Egg-laying Behavior","{MOX}: A novel global optimization algorithm inspired from Oviposition site selection and egg hatching inhibition in mosquitoes",2011,"Fayyaz ul Amir Afsar Minhas; Muhammad Arif","Applied Soft Computing",TRUE,"10.1016/j.asoc.2011.07.020",10.1016/j.asoc.2011.07.020,  10
"Mosquitos","Flying Behavior","Mosquito flying optimization ({MFO})",2016,"Md. Alauddin","2016 International Conference on Electrical, Electronics, and Optimization Techniques (ICEEOT)",FALSE,"10.1109/iceeot.2016.7754783",10.1109/iceeot.2016.7754783,   4
"Newton's Cooling Law",NA,"A novel meta-heuristic optimization algorithm: Thermal exchange optimization",2017,"A. Kaveh; A. Dadras","Advances in Engineering Software",TRUE,"10.1016/j.advengsoft.2017.03.014",10.1016/j.advengsoft.2017.03.014, 155
"Neurons",NA,"NEW META-HEURISTIC OPTIMIZATION ALGORITHM USING NEURONAL COMMUNICATION",2017,"S. Asil Gharebaghi; M. Ardalan Asl","International Journal of Optimization in Civil Engineering",TRUE,NA,NA,NA
"Nuclear Collision",NA,"A new stochastic optimization algorithm based on a particle collision metaheuristic",2005,"Wagner F Sacco; CREA Oliveira","Proceedings of 6th WCSMO",TRUE,NA,NA,NA
"Optics",NA,"A new metaheuristic for optimization: Optics inspired optimization ({OIO})",2015,"Ali Husseinzadeh Kashan","Computers & Operations Research",TRUE,"10.1016/j.cor.2014.10.011",10.1016/j.cor.2014.10.011,  74
"Owls",NA,"Metaheuristic inspired on owls behavior applied to heat exchangers design",2019,"Emerson Hochsteiner de Vasconcelos Segundo; Viviana Cocco Mariani; Leandro dos Santos Coelho","Thermal Science and Engineering Progress",TRUE,"10.1016/j.tsep.2019.100431",10.1016/j.tsep.2019.100431,  16
"Paddy Fields",NA,"A new biologically inspired optimization algorithm",2009,"Upeka Premaratne; Jagath Samarabandu; Tarlochan Sidhu","2009 International Conference on Industrial and Information Systems (ICIIS)",FALSE,"10.1109/iciinfs.2009.5429852",10.1109/iciinfs.2009.5429852,  32
"Pearl Hunting",NA,"A Hyper-Heuristic Inspired by Pearl Hunting",2012,"C. Y. Chan; Fan Xue; W. H. Ip; C. F. Cheung","Lecture Notes in Computer Science",FALSE,"10.1007/978-3-642-34413-8_26",10.1007/978-3-642-34413-8_26,   8
"Penguins",NA,"Penguins Search Optimization Algorithm ({PeSOA})",2013,"Youcef Gheraibia; Abdelouahab Moussaoui","Recent Trends in Applied Artificial Intelligence",FALSE,"10.1007/978-3-642-38577-3_23",10.1007/978-3-642-38577-3_23,  30
"Penguins","Emperor Penguins","Emperor penguin optimizer: A bio-inspired algorithm for engineering problems",2018,"Gaurav Dhiman; Vijay Kumar","Knowledge-Based Systems",TRUE,"10.1016/j.knosys.2018.06.001",10.1016/j.knosys.2018.06.001, 218
"Pigeons",NA,"Pigeon-inspired optimization: a new swarm intelligence optimizer for air robot path planning",2014,"Haibin Duan; Peixin Qiao","International Journal of Intelligent Computing and Cybernetics",TRUE,NA,NA,NA
"Pigeons","Feeding","Artificial Feeding Birds ({AFB}): A New Metaheuristic Inspired by the Behavior of Pigeons",2018,"Jean-Baptiste Lamy","Advances in Nature-Inspired Computing and Applications",FALSE,"10.1007/978-3-319-96451-5_3",10.1007/978-3-319-96451-5_3,  12
"Plants","Plant Growth","An Improved Artificial Plant Optimization Algorithm for Coverage Problem in {WSN}",2012,"Jun Li; Zhihua Cui; Zhongzhi Shi","Sensor Letters",TRUE,"10.1166/sl.2012.2627",10.1166/sl.2012.2627,   1
"Plants","Plant Propagation","A Plant Propagation Algorithm for Constrained Engineering Optimisation Problems",2014,"Muhammad Sulaiman; Abdellah Salhi; Birsen Irem Selamoglu; Omar Bahaaldin Kirikchi","Mathematical Problems in Engineering",TRUE,"10.1155/2014/627416",10.1155/2014/627416,  27
"Plants","Plant Intelligence","Plant intelligence based metaheuristic optimization algorithms",2016,"Sinem Akyol; Bilal Alatas","Artificial Intelligence Review",TRUE,"10.1007/s10462-016-9486-6",10.1007/s10462-016-9486-6,  28
"Plants","Sapling Growth","Thinking capability of saplings growing up algorithm",2006,"Ali Karci; Bilal Alatas","International Conference on Intelligent Data Engineering and Automated Learning",FALSE,NA,NA,NA
"Polar Bears",NA,"Polar Bear Optimization Algorithm: Meta-Heuristic with Fast Population Movement and Dynamic Birth and Death Mechanism",2017,"Dawid Połap; Marcin Woz\textasciiacuteniak","Symmetry",TRUE,"10.3390/sym9100203",10.3390/sym9100203,  49
"Politics","Parliamentarist Elections","A New Global Optimization Algorithm Inspired by Parliamentary Political Competitions",2007,"Ali Borji","MICAI 2007: Advances in Artificial Intelligence",FALSE,"10.1007/978-3-540-76631-5_7",10.1007/978-3-540-76631-5_7,   8
"Politics","Presidential Elections","Election algorithm: A new socio-politically inspired strategy",2015,"Hojjat Emami; Farnaz Derakhshan","AI Communications",TRUE,"10.3233/AIC-140652",10.3233/AIC-140652,  23
"Politics","Imperialism","Imperialist competitive algorithm: An algorithm for optimization inspired by imperialistic competition",2007,"Esmaeil Atashpaz-Gargari; Caro Lucas","2007 IEEE Congress on Evolutionary Computation",FALSE,"10.1109/cec.2007.4425083",10.1109/cec.2007.4425083, 848
"Politics","Strategies","Greedy Politics Optimization: Metaheuristic inspired by political strategies adopted during state assembly elections",2014,"J.S.M Lenord Melvix","2014 IEEE International Advance Computing Conference (IACC)",FALSE,"10.1109/iadcc.2014.6779490",10.1109/iadcc.2014.6779490,   2
"Quantum Superposition",NA,"An approach to real-coded quantum inspired evolutionary algorithm using particles filter",2015,"Josimar Edinson Chire Saire; V. Yvan Jesus Tupac","2015 Latin America Congress on Computational Intelligence (LA-CCI)",FALSE,"10.1109/la-cci.2015.7435984",10.1109/la-cci.2015.7435984,   2
"Ravens",NA,"Improved Raven Roosting Optimization algorithm ({IRRO})",2017,"Shadi Torabi; Faramarz Safi-Esfahani","Swarm and Evolutionary Computation",TRUE,"10.1016/j.swevo.2017.11.006",10.1016/j.swevo.2017.11.006,  16
"Rays of Light",NA,"A new meta-heuristic method: Ray Optimization",2012,"A. Kaveh; M. Khayatazad","Computers & Structures",TRUE,"10.1016/j.compstruc.2012.09.003",10.1016/j.compstruc.2012.09.003, 356
"Reincarnation",NA,"A new optimizing algorithm using reincarnation concept",2010,"Anurag Sharma","2010 11th International Symposium on Computational Intelligence and Informatics (CINTI)",FALSE,"10.1109/cinti.2010.5672231",10.1109/cinti.2010.5672231,   4
"Rhinoceros",NA,"A novel metaheuristic algorithm inspired by rhino herd behavior",2016,"Gai-Ge Wang; Xiao-Zhi Gao; Kai Zenger; Leandro dos S Coelho","Proceedings of The 9th EUROSIM Congress on Modelling and Simulation, EUROSIM 2016, The 57th SIMS Conference on Simulation and Modelling SIMS 2016",FALSE,NA,NA,NA
"Rice","Hybrid","A hybrid rice optimization algorithm",2016,"Zhiwei Ye; Lie Ma; Hongwei Chen","2016 11th International Conference on Computer Science & Education (ICCSE)",FALSE,"10.1109/iccse.2016.7581575",10.1109/iccse.2016.7581575,   2
"River Formation",NA,"Using River Formation Dynamics to Design Heuristic Algorithms",2007,"Pablo Rabanal; Ismael Rodr\'\iguez; Fernando Rubio","Lecture Notes in Computer Science",FALSE,"10.1007/978-3-540-73554-0_16",10.1007/978-3-540-73554-0_16,  58
"Roach Infestations",NA,"Roach Infestation Optimization",2008,"Timothy C. Havens; Christopher J. Spain; Nathan G. Salmon; James M. Keller","2008 IEEE Swarm Intelligence Symposium",FALSE,"10.1109/sis.2008.4668317",10.1109/sis.2008.4668317,  52
"Roots",NA,"The runner-root algorithm: A metaheuristic for solving unimodal and multimodal optimization problems inspired by runners and roots of plants in nature",2015,"F. Merrikh-Bayat","Applied Soft Computing",TRUE,"10.1016/j.asoc.2015.04.048",10.1016/j.asoc.2015.04.048,  69
"Sailfish",NA,"The Sailfish Optimizer: A novel nature-inspired metaheuristic algorithm for solving constrained engineering optimization problems",2019,"S. Shadravan; H.R. Naji; V.K. Bardsiri","Engineering Applications of Artificial Intelligence",TRUE,"10.1016/j.engappai.2019.01.001",10.1016/j.engappai.2019.01.001,  95
"Salmon Migrations",NA,"The great salmon run: a novel bio-inspired algorithm for artificial system design and optimisation",2012,"Ahmad Mozaffari; Alireza Fathi; Saeed Behzadipour","International Journal of Bio-Inspired Computation",TRUE,NA,NA,NA
"Salp Planktons",NA,"Salp Swarm Algorithm: A bio-inspired optimizer for engineering design problems",2017,"Seyedali Mirjalili; Amir H. Gandomi; Seyedeh Zahra Mirjalili; Shahrzad Saremi; Hossam Faris; Seyed Mohammad Mirjalili","Advances in Engineering Software",TRUE,"10.1016/j.advengsoft.2017.07.002",10.1016/j.advengsoft.2017.07.002,1136
"Sandpiper",NA,"Sandpiper optimization algorithm: a novel approach for solving real-life engineering problems",2019,"Amandeep Kaur; Sushma Jain; Shivani Goel","Applied Intelligence",TRUE,"10.1007/s10489-019-01507-3",10.1007/s10489-019-01507-3,   5
"Scientific Method",NA,"Scientific algorithms for the Car Renter Salesman Problem",2014,"Denis Felipe; Elizabeth Ferreira Gouvea Goldbarg; Marco Cesar Goldbarg","2014 IEEE Congress on Evolutionary Computation (CEC)",FALSE,"10.1109/cec.2014.6900556",10.1109/cec.2014.6900556,   8
"Seagulls",NA,"Seagull optimization algorithm: Theory and its applications for large-scale industrial engineering problems",2019,"Gaurav Dhiman; Vijay Kumar","Knowledge-Based Systems",TRUE,"10.1016/j.knosys.2018.11.024",10.1016/j.knosys.2018.11.024, 145
"See-See Partridges",NA,"{SSPCO} Optimization Algorithm (See-See Partridge Chicks Optimization)",2015,"Rohollah Omidvar; Hamid Parvin; Farhad Rad","2015 Fourteenth Mexican International Conference on Artificial Intelligence (MICAI)",FALSE,"10.1109/micai.2015.22",10.1109/micai.2015.22,   2
"Sharks",NA,"A new metaheuristic algorithm based on shark smell optimization",2014,"Oveis Abedinia; Nima Amjady; Ali Ghasemi","Complexity",TRUE,"10.1002/cplx.21634",10.1002/cplx.21634,  88
"Sharks","Hammerhead","On Nature-Inspired Dynamic Route Planning: Hammerhead Shark Optimization Algorithm",2019,"Asif Ali; Kashif Zafar; Taimur Bakhshi","2019 15th International Conference on Emerging Technologies (ICET)",FALSE,"10.1109/icet48972.2019.8994757",10.1109/icet48972.2019.8994757,   0
"Sheep Flocks",NA,"A new evolutionary algorithm based on sheep flocks heredity model",2001,"Hyunchul Kim; Byungchul Ahn","2001 IEEE Pacific Rim Conference on Communications, Computers and Signal Processing (IEEE Cat. No.01CH37233)",FALSE,"10.1109/pacrim.2001.953683",10.1109/pacrim.2001.953683,   2
"Sine Waves",NA,"Golden sine algorithm: a novel math-inspired algorithm",2017,"Erkan Tanyildizi; Gokhan Demir","Advances in Electrical and Computer Engineering",TRUE,NA,NA,NA
"Slime Mold",NA,"Slime Mold as a model for numerical optimization",2008,"David R. Monismith; Blayne E. Mayfield","2008 IEEE Swarm Intelligence Symposium",FALSE,"10.1109/sis.2008.4668295",10.1109/sis.2008.4668295,  13
"Small World",NA,"Small-World Optimization Algorithm for Function Optimization",2006,"Haifeng Du; Xiaodong Wu; Jian Zhuang","Lecture Notes in Computer Science",FALSE,"10.1007/11881223_33",10.1007/11881223_33,  51
"Spirals",NA,"Spiral Dynamics Inspired Optimization",2011,"Kenichi Tamura; and Keiichiro Yasuda","Journal of Advanced Computational Intelligence and Intelligent Informatics",TRUE,"10.20965/jaciii.2011.p1116",10.20965/jaciii.2011.p1116,  57
"Soccer","Soccer Games","Soccer Game Optimization",2013,"Hindriyanto Dwi Purnomo; Hui-Ming Wee","Meta-Heuristics Optimization Algorithms in Engineering, Business, Economics, and Finance",FALSE,"10.4018/978-1-4666-2086-5.ch013",10.4018/978-1-4666-2086-5.ch013,   8
"Soccer","Soccer Tournaments","Golden ball: a novel meta-heuristic to solve combinatorial optimization problems based on soccer concepts",2014,"E. Osaba; F. Diaz; E. Onieva","Applied Intelligence",TRUE,"10.1007/s10489-013-0512-y",10.1007/s10489-013-0512-y,  48
"Soccer","League","Soccer League Competition Algorithm, a New Method for Solving Systems of Nonlinear Equations",2014,"Naser Moosavian; Babak Kasaee Roodsari","International Journal of Intelligence Science",TRUE,"10.4236/ijis.2014.41002",10.4236/ijis.2014.41002,  24
"Soccer","Style","Tiki-taka algorithm: a novel metaheuristic inspired by football playing style",2020,"Mohd Fadzil Faisae Ab. Rashid","Engineering Computations",TRUE,"10.1108/ec-03-2020-0137",10.1108/ec-03-2020-0137,   1
"Social Behavior",NA,"Society and civilization: an optimization algorithm based on the simulation of social behavior",2003,"T. Ray; K.M. Liew","IEEE Transactions on Evolutionary Computation",TRUE,"10.1109/tevc.2003.814902",10.1109/tevc.2003.814902, 315
"Social Behavior","Queuing","Queuing search algorithm: A novel metaheuristic algorithm for solving engineering optimization problems",2018,"Jinhao Zhang; Mi Xiao; Liang Gao; Quanke Pan","Applied Mathematical Modelling",TRUE,NA,NA,NA
"Social Behavior","Seeking","Seeker Optimization Algorithm for Digital {IIR} Filter Design",2010,"Chaohua Dai; Weirong Chen; Yunfang Zhu","IEEE Transactions on Industrial Electronics",TRUE,"10.1109/tie.2009.2031194",10.1109/tie.2009.2031194, 120
"Social Behavior","Thieves and Police","Thieves and Police, a New Optimization Algorithm: Theory and Application in Probabilistic Power Flow",2019,"Hajar Bagheri; Afshin Lashkar Ara; Rahil Hosseini","IETE Journal of Research",TRUE,"10.1080/03772063.2019.1672586",10.1080/03772063.2019.1672586,   1
"Social Behavior","Poor and Rich","Poor and rich optimization algorithm: A new human-based and multi populations algorithm",2019,"Seyyed Hamid Samareh Moosavi; Vahid Khatibi Bardsiri","Engineering Applications of Artificial Intelligence",TRUE,"10.1016/j.engappai.2019.08.025",10.1016/j.engappai.2019.08.025,  30
"Social Behavior","Urbanization","Human urbanization algorithm: A novel metaheuristic approach",2020,"Hadi Ghasemian; Fahimeh Ghasemian; Hamed Vahdat-Nejad","Mathematics and Computers in Simulation",TRUE,"10.1016/j.matcom.2020.05.023",10.1016/j.matcom.2020.05.023,   0
"Social Engineering",NA,"Social Engineering Optimization (SEO); A New Single-Solution Meta-heuristic Inspired by Social Engineering",2017,"Amir Mohammad Fathollahi Fard; Mostafa Hajiaghaei-Keshteli","International Conference on Industrial Engineering",FALSE,NA,NA,NA
"Social Spiders",NA,"A swarm optimization algorithm inspired in the behavior of the social-spider",2013,"Erik Cuevas; Miguel Cienfuegos; Daniel Zald\'\ivar; Marco Pérez-Cisneros","Expert Systems with Applications",TRUE,"10.1016/j.eswa.2013.05.041",10.1016/j.eswa.2013.05.041, 274
"Sooty Tern",NA,"{STOA}: A bio-inspired based optimization algorithm for industrial engineering problems",2019,"Gaurav Dhiman; Amandeep Kaur","Engineering Applications of Artificial Intelligence",TRUE,"10.1016/j.engappai.2019.03.021",10.1016/j.engappai.2019.03.021,  85
"Sperm",NA,"Sperm motility algorithm: a novel metaheuristic approach for global optimisation",2017,"Osama Abdel Raouf; Ibrahim M. Hezam","International Journal of Operational Research",TRUE,"10.1504/ijor.2017.10002079",10.1504/ijor.2017.10002079,   0
"Sports Championships",NA,"League Championship Algorithm: A New Algorithm for Numerical Function Optimization",2009,"Ali Husseinzadeh Kashan","2009 International Conference of Soft Computing and Pattern Recognition",FALSE,"10.1109/socpar.2009.21",10.1109/socpar.2009.21,  76
"Squirrels","Flying Squirrels","A novel nature-inspired algorithm for optimization: Squirrel search algorithm",2018,"Mohit Jain; Vijander Singh; Asha Rani","Swarm and Evolutionary Computation",TRUE,"10.1016/j.swevo.2018.02.013",10.1016/j.swevo.2018.02.013, 217
"Swallows",NA,"Swallow swarm optimization algorithm: a new method to optimization",2012,"Mehdi Neshat; Ghodrat Sepidnam; Mehdi Sargolzaei","Neural Computing and Applications",TRUE,"10.1007/s00521-012-0939-9",10.1007/s00521-012-0939-9,  34
"Symbiotic Organisms",NA,"Symbiotic Organisms Search: A new metaheuristic optimization algorithm",2014,"Min-Yuan Cheng; Doddy Prayogo","Computers & Structures",TRUE,"10.1016/j.compstruc.2014.03.007",10.1016/j.compstruc.2014.03.007, 654
"Sonar",NA,"A New Metaheuristic Method for Optimization: Sonar Inspired Optimization",2017,"Alexandros Tzanetos; Georgios Dounias","Engineering Applications of Neural Networks",FALSE,NA,NA,NA
"States of Matter",NA,"A Multimodal Optimization Algorithm Inspired by the States of Matter",2017,"Erik Cuevas; Adolfo Reyna-Orta; Margarita-Arimatea D\'\iaz-Cortes","Neural Processing Letters",TRUE,"10.1007/s11063-017-9750-z",10.1007/s11063-017-9750-z,  11
"Teachers",NA,"Teaching{\textendash}learning-based optimization: A novel method for constrained mechanical design optimization problems",2011,"R.V. Rao; V.J. Savsani; D.P. Vakharia","Computer-Aided Design",TRUE,"10.1016/j.cad.2010.12.015",10.1016/j.cad.2010.12.015,1786
"Termites",NA,"Termite colony optimization: A novel approach for optimizing continuous problems",2010,"Ramin Hedayatzadeh; Foad Akhavan Salmassi; Manijeh Keshtgari; Reza Akbari; Koorush Ziarati","2010 18th Iranian Conference on Electrical Engineering",FALSE,"10.1109/iraniancee.2010.5507009",10.1109/iraniancee.2010.5507009,  34
"Troops of Soldiers",NA,"A Simulative Bionic Intelligent Optimization Algorithm: Artificial Searching Swarm Algorithm and Its Performance Analysis",2009,"Tanggong Chen","2009 International Joint Conference on Computational Sciences and Optimization",FALSE,"10.1109/cso.2009.183",10.1109/cso.2009.183,  16
"Tug of War",NA,"A novel meta-heuristic algorithm: tug of war optimization",2016,"A Kaveh; A Zolghadr","Iran University of Science & Technology",TRUE,NA,NA,NA
"Turnicates",NA,"Tunicate Swarm Algorithm: A new bio-inspired based metaheuristic paradigm for global optimization",2020,"Satnam Kaur; Lalit K. Awasthi; A.L. Sangal; Gaurav Dhiman","Engineering Applications of Artificial Intelligence",TRUE,"10.1016/j.engappai.2020.103541",10.1016/j.engappai.2020.103541, 108
"Vaccination",NA,"Research on Permutation Flow-shop Scheduling Problem based on Improved Genetic Immune Algorithm with vaccinated offspring",2017,"Fatima Benbouzid-Si Tayeb; Malika Bessedik; Mohamed Benbouzid; Hamza Cheurfi; Ammar Blizak","Procedia Computer Science",TRUE,"10.1016/j.procs.2017.08.055",10.1016/j.procs.2017.08.055,   6
"Vibrating Particles",NA,"Vibrating particles system algorithm for truss optimization with multiple natural frequency constraints",2016,"Ali Kaveh; Majid Ilchi Ghazaan","Acta Mechanica",TRUE,"10.1007/s00707-016-1725-z",10.1007/s00707-016-1725-z,  54
"Viruses","Virus Replication","Viral systems: A new bio-inspired optimisation approach",2008,"Pablo Cortés; José M. Garc\'\ia; Jesús Muñuzuri; Luis Onieva","Computers & Operations Research",TRUE,"10.1016/j.cor.2006.12.018",10.1016/j.cor.2006.12.018,  25
"Viruses","Virus Colonies","A novel nature-inspired algorithm for optimization: Virus colony search",2016,"Mu Dong Li; Hui Zhao; Xing Wei Weng; Tong Han","Advances in Engineering Software",TRUE,"10.1016/j.advengsoft.2015.11.004",10.1016/j.advengsoft.2015.11.004, 131
"Viruses","Virulence","Virulence Optimization Algorithm",2016,"Morteza Jaderyan; Hassan Khotanlou","Applied Soft Computing",TRUE,"10.1016/j.asoc.2016.02.038",10.1016/j.asoc.2016.02.038,  11
"Virus","Swine Flu","Swine Influenza Models Based Optimization ({SIMBO})",2013,"S.S. Pattnaik; K.M. Bakwad; B.S. Sohi; R.K. Ratho; S. Devi","Applied Soft Computing",TRUE,"10.1016/j.asoc.2012.07.010",10.1016/j.asoc.2012.07.010,  22
"Virus","Attacking","A novel metaheuristic for continuous optimization problems: Virus optimization algorithm",2015,"Yun-Chia Liang; Josue Rodolfo Cuevas Juarez","Engineering Optimization",TRUE,"10.1080/0305215x.2014.994868",10.1080/0305215x.2014.994868,  25
"Volleyball Leagues",NA,"Volleyball Premier League Algorithm",2018,"Reza Moghdani; Khodakaram Salimifard","Applied Soft Computing",TRUE,"10.1016/j.asoc.2017.11.043",10.1016/j.asoc.2017.11.043,  57
"Vortices",NA,"A new metaheuristic for numerical function optimization: Vortex Search algorithm",2015,"Berat Doğan; Tamer Ölmez","Information Sciences",TRUE,"10.1016/j.ins.2014.08.053",10.1016/j.ins.2014.08.053, 137
"Vultures",NA,"Egyptian Vulture Optimization Algorithm {\textendash} A New Nature Inspired Meta-heuristics for Knapsack Problem",2013,"Chiranjib Sur; Sanjeev Sharma; Anupam Shukla","The 9th International Conference on Computing and InformationTechnology (IC2IT2013)",FALSE,"10.1007/978-3-642-37371-8_26",10.1007/978-3-642-37371-8_26,  21
"Vehicles",NA,"Passing vehicle search ({PVS}): A novel metaheuristic algorithm",2016,"Poonam Savsani; Vimal Savsani","Applied Mathematical Modelling",TRUE,"10.1016/j.apm.2015.10.040",10.1016/j.apm.2015.10.040,  78
"Wasps",NA,"Wasp swarm optimization of logistic systems",2005,"Pedro Pinto; Thomas A Runkler; João M Sousa","Adaptive and Natural Computing Algorithms",FALSE,NA,NA,NA
"Water","Rain","Rain-fall optimization algorithm: A population based algorithm for solving constrained optimization problems",2017,"S. Hr. Aghay Kaboli; J. Selvaraj; N.A. Rahim","Journal of Computational Science",TRUE,"10.1016/j.jocs.2016.12.010",10.1016/j.jocs.2016.12.010,  70
"Water","Hydrological Cycle","Hydrological Cycle Algorithm for Continuous Optimization Problems",2017,"Ahmad Wedyan; Jacqueline Whalley; Ajit Narayanan","Journal of Optimization",TRUE,"10.1155/2017/3828420",10.1155/2017/3828420,  15
"Water","Intelligent Water Drops","The intelligent water drops algorithm: a nature-inspired swarm-based optimization algorithm",2009,"Hamed Shah Hosseini","International Journal of Bio-Inspired Computation",TRUE,"10.1504/ijbic.2009.022775",10.1504/ijbic.2009.022775, 222
"Water","Rain Drops","Optimal approximation of stable linear systems with a novel and efficient optimization algorithm",2014,"Qiaoyong Jiang; Lei Wang; Xinhong Hei; Rong Fei; Dongdong Yang; Feng Zou; Hongye Li; Zijian Cao; YanYan Lin","2014 IEEE Congress on Evolutionary Computation (CEC)",FALSE,"10.1109/cec.2014.6900366",10.1109/cec.2014.6900366,   7
"Water","Water Cycle","Water cycle algorithm {\textendash} A novel metaheuristic optimization method for solving constrained engineering optimization problems",2012,"Hadi Eskandar; Ali Sadollah; Ardeshir Bahreininejad; Mohd Hamdi","Computers & Structures",TRUE,"10.1016/j.compstruc.2012.07.010",10.1016/j.compstruc.2012.07.010, 575
"Water","Water Evaporation","Water Evaporation Optimization: A novel physically inspired optimization algorithm",2016,"A. Kaveh; T. Bakhshpoori","Computers & Structures",TRUE,"10.1016/j.compstruc.2016.01.008",10.1016/j.compstruc.2016.01.008, 124
"Water","Water Flow","A water-flow algorithm for flexible flow shop scheduling with~intermediate buffers",2010,"Trung Hieu Tran; Kien Ming Ng","Journal of Scheduling",TRUE,"10.1007/s10951-010-0205-x",10.1007/s10951-010-0205-x,  11
"Water","Water Wave","Water wave optimization: A new nature-inspired metaheuristic",2015,"Yu-Jun Zheng","Computers & Operations Research",TRUE,"10.1016/j.cor.2014.10.008",10.1016/j.cor.2014.10.008, 259
"Whales","Regular Whales","The Whale Optimization Algorithm",2016,"Seyedali Mirjalili; Andrew Lewis","Advances in Engineering Software",TRUE,"10.1016/j.advengsoft.2016.01.008",10.1016/j.advengsoft.2016.01.008,2599
"Whales","Binary Whales","Binary whale optimization algorithm: a new metaheuristic approach for profit-based unit commitment problems in competitive electricity markets",2018,"Srikanth Reddy K.; Lokesh Panwar; B. K. Panigrahi; Rajesh Kumar","Engineering Optimization",TRUE,"10.1080/0305215x.2018.1463527",10.1080/0305215x.2018.1463527,  30
"Whales","Sperm Whales","Sperm whale algorithm: An effective metaheuristic algorithm for production optimization problems",2016,"A. Ebrahimi; E. Khamehchi","Journal of Natural Gas Science and Engineering",TRUE,"10.1016/j.jngse.2016.01.001",10.1016/j.jngse.2016.01.001,  44
"Whales","Killer Whales","Killer Whale Algorithm: An Algorithm Inspired by the Life of Killer Whale",2017,"Totok R. Biyanto; Matradji; Sonny Irawan; Henokh Y. Febrianto; Naindar Afdanny; Ahmad H. Rahman; Kevin S. Gunawan; Januar A.D. Pratama; Titania N. Bethiana","Procedia Computer Science",TRUE,"10.1016/j.procs.2017.12.141",10.1016/j.procs.2017.12.141,  31
"Whales","Orcas","A New Swarm Algorithm Based on Orcas Intelligence for Solving Maze Problems",2020,"Habiba Drias; Yassine Drias; Ilyes Khennak","Trends and Innovations in Information Systems and Technologies",FALSE,"10.1007/978-3-030-45688-7_77",10.1007/978-3-030-45688-7_77,   1
"Whirlpools",NA,"A novel and effective optimization algorithm for global optimization and its engineering applications: Turbulent Flow of Water-based Optimization ({TFWO})",2020,"Mojtaba Ghasemi; Iraj Faraji Davoudkhani; Ebrahim Akbari; Abolfazl Rahimnejad; Sahand Ghavidel; Li Li","Engineering Applications of Artificial Intelligence",TRUE,"10.1016/j.engappai.2020.103666",10.1016/j.engappai.2020.103666,  16
"Wind",NA,"Wind Driven Optimization ({WDO}): A novel nature-inspired optimization algorithm and its application to electromagnetics",2010,"Z Bayraktar; M Komurcu; D H Werner","2010 IEEE Antennas and Propagation Society International Symposium",FALSE,"10.1109/aps.2010.5562213",10.1109/aps.2010.5562213,  60
"Wolves","Wolves","Wolf search algorithm with ephemeral memory",2012,"Rui Tang; Simon Fong; Xin-She Yang; Suash Deb","Seventh International Conference on Digital Information Management (ICDIM 2012)",FALSE,"10.1109/icdim.2012.6360147",10.1109/icdim.2012.6360147,  87
"Wolves","Grey Wolves","Grey Wolf Optimizer",2014,"Seyedali Mirjalili; Seyed Mohammad Mirjalili; Andrew Lewis","Advances in Engineering Software",TRUE,"10.1016/j.advengsoft.2013.12.007",10.1016/j.advengsoft.2013.12.007,4174
"Worms",NA,"Worm optimization: a novel optimization algorithm inspired by C. Elegans",2014,"Jean-Paul Arnaout","Proceedings of the 2014 International Conference on Industrial Engineering and Operations Management",FALSE,NA,NA,NA
"Yin-Yang Pairs",NA,"Yin-Yang-pair Optimization: A novel lightweight optimization algorithm",2016,"Varun Punnathanam; Prakash Kotecha","Engineering Applications of Artificial Intelligence",TRUE,"10.1016/j.engappai.2016.04.004",10.1016/j.engappai.2016.04.004,  55
"Yellow Saddle Goldfish",NA,"A novel bio-inspired optimization model based on Yellow Saddle Goatfish behavior",2018,"Daniel Zald\'\ivar; Bernardo Morales; Alma Rodr\'\iguez; Arturo Valdivia-G; Erik Cuevas; Marco Pérez-Cisneros","Biosystems",TRUE,"10.1016/j.biosystems.2018.09.007",10.1016/j.biosystems.2018.09.007,  18
"Zombies",NA,"Zombie Survival Optimization: A swarm intelligence algorithm inspired by zombie foraging",2012,"Hoang Thanh Nguyen; Bir Bhanu","Pattern Recognition (ICPR), 2012 21st International Conference on",FALSE,NA,NA,NA
